{"0.406573397076887":{"user_id":5},"0.6315449768538197":{"user_id":5},"0.7650871074614785":{"user_id":5},"0.3101876197357931":{"user_id":5},"0.04809862416866162":{"user_id":5},"0.4495353923059915":{"user_id":5},"0.980883875045063":{"user_id":5},"0.46476356892464676":{"user_id":5},"0.27854642769509796":{"user_id":5},"0.2181737452889052":{"user_id":5}}